Tool / Resource Name,URL,Icon Image URL,Brief Description,Allen Resource / Dataset Utilized,Resource Type,Field Category,Primary User Goal,Species,Input / Data Type,Output / Experience,Access Mode,RRID,Tags / Keywords,Associated Datasets / Programs
Allen Brain Cell Atlas,https://brain-map.org/bkp/explore/abc-atlas,https://cdn.prod.website-files.com/689cfbd308fa7373b604d290/68b8bdd64f6efcd012d07767_allen-brain-cell-atlas.png,Interactive exploration of multimodal single-cell and spatial data across the mammalian brain.,Allen Brain Cell Atlas,Atlas; Visualization; Analysis,Cell types; Gene expression; Spatial transcriptomics,Explore cell types and gene expression,Mouse; Human; Macaque; Marmoset,Curated single-cell and spatial datasets,"Interactive taxonomy, expression, and spatial views",Web,SCR_024440,ABC Atlas; Cell types; Taxonomy; Gene expression; Spatial; Multimodal,BICAN; BICCN; SEA-AD and Allen cell atlas datasets; BKP
ABC Atlas Access,https://alleninstitute.github.io/abc_atlas_access/intro.html,https://cdn.prod.website-files.com/689cfbd308fa7373b604d290/68b8bdd64f6efcd012d07767_allen-brain-cell-atlas.png,"Programmatic access guidance, manifests, metadata, and downloads for ABC Atlas data.",Allen Brain Cell Atlas,Data access; Software,Data access; Computational analysis,Download and analyze atlas data,Mouse; Human; Macaque; Marmoset,"Metadata, manifests, expression and coordinate data",Python-based data access and downloaded files,Web documentation / Python,,Python; API; Manifest; Metadata; Download; ABC Atlas; Cell types,Allen Brain Cell Atlas datasets; BKP; BICAN
Allen Mouse Brain Atlas,https://mouse.brain-map.org/,https://cdn.prod.website-files.com/689cfbd308fa7373b604d290/68d5a27a234dec8cdc6d1503_adult_mouse_brain_agea.png,Explore regional gene expression and anatomy in the adult mouse brain.,Adult Mouse Brain Atlas,Atlas; Visualization; Analysis,Gene expression; Anatomy,Explore mouse regional gene expression,Mouse,Gene expression; Anatomical region,ISH images and regional expression views,Web,,Mouse; Gene expression; ISH; Anatomy; Region; AGEA; Brain anatomy,Adult Mouse Brain Atlas
Allen Human Brain Atlas,https://human.brain-map.org/,https://cdn.prod.website-files.com/689cfbd308fa7373b604d290/68d5a27abf9bf135b1916de4_hba_gene_expression.png,Explore regional gene expression and anatomy in the adult human brain.,Adult Human Brain Atlas,Atlas; Visualization; Analysis,Gene expression; Anatomy,Explore human brain gene expression,Human,Gene expression; Anatomical region,"Microarray, anatomical views, and downloads",Web / download,,Human; Gene expression; Microarray; Cortex; Anatomy; Brain anatomy,Adult Human Brain Atlas
Allen Developing Mouse Brain Atlas,https://developingmouse.brain-map.org/,https://cdn.prod.website-files.com/689cfbd308fa7373b604d290/68d5bf928b8e37e2802fe1b0_devmouse_e15-cntn2_100047281_42-p-1080.png,"Explore genome-wide RNA in situ hybridization data, reference anatomy, and spatial gene-expression relationships across embryonic and postnatal mouse brain development.",Allen Developing Mouse Brain Atlas,Atlas; Visualization; Analysis,Development; Gene expression; Anatomy,Explore gene expression,Mouse,Gene expression; Developmental stage; Anatomical region,"ISH image series, reference atlas views, and spatial expression analyses",Web,,Developing mouse; Development; Gene expression; ISH; Reference atlas; AGEA; Brain anatomy,Developing Mouse Brain Atlas
Developing Human Brain Atlas (BrainSpan),https://brainspan.org/,https://cdn.prod.website-files.com/689cfbd308fa7373b604d290/68d5bce9d7f2c9eb5cee002b_devhum_nissl-atlas_tiny.png,"Explore transcriptional mechanisms in human brain development through RNA sequencing, exon microarray, prenatal microarray, in situ hybridization, and reference atlas data.",BrainSpan Atlas of the Developing Human Brain,Atlas; Visualization; Analysis,Development; Gene expression; Anatomy,Explore gene expression,Human,Gene expression; Developmental stage; Anatomical region,"RNA-seq and microarray profiles, ISH images, reference atlases, and downloads",Web / download,,BrainSpan; Developing human; Developmental transcriptome; RNA-seq; Microarray; ISH; Reference atlas; Brain anatomy,Developmental Transcriptome; Prenatal LMD Microarray; ISH; Reference Atlas
NIH Blueprint Non-Human Primate Atlas,https://www.blueprintnhpatlas.org/,https://cdn.prod.website-files.com/689cfbd308fa7373b604d290/68d5bf9226856d30671a378d_nhp_nissl_e120_cerebellum-ctx-p-1080.png,"Explore gene-expression and neuroanatomical data across prenatal, postnatal, and adult development of the rhesus macaque brain.",NIH Blueprint Non-Human Primate Atlas,Atlas; Visualization; Analysis,Development; Gene expression; Anatomy,Explore gene expression,Macaque,Gene expression; Developmental stage; Anatomical region,"Microarray profiles, ISH images, MRI, Nissl reference data, and downloads",Web / download,,Non-human primate; Rhesus macaque; Development; Microarray; ISH; MRI; Reference atlas; Brain anatomy,NIH Blueprint Non-Human Primate Atlas
Mouse Brain Connectivity Atlas,https://connectivity.brain-map.org/projection,https://cdn.prod.website-files.com/689cfbd308fa7373b604d290/68c98f1b0a9e9fb128e53f4f_connectivity.png,Explore experimental projection data across mouse brain regions in a common coordinate space.,Allen Mouse Brain Connectivity Atlas; CCF,Atlas; Visualization; Analysis,Connectivity; Neuroanatomy,"Study sources, targets, and projections",Mouse,Source or target brain region,Projection maps and experiment results; CCF,Web,,Connectivity; Projection; Source; Target; Mouse; Circuits; Brain anatomy,Mouse Brain Connectivity Atlas
Allen Brain Observatory Visual Coding,https://observatory.brain-map.org/visualcoding,https://cdn.prod.website-files.com/689cfbd308fa7373b604d290/68cc58a8851577d7c429ae28_brain_observatory.png,Access and explore a survey of in vivo recordings from the mouse visual cortex.,Allen Brain Observatory,Dataset; Visualization,Circuits and behavior; Physiology,Explore visual coding neural activity,Mouse,Visual stimulus and neural activity datasets,Neural response exploration and downloads,Web / download,,Visual coding; Calcium imaging; Neural activity; Behavior,Allen Brain Observatory Visual Coding
Mouse Visual Behavior,https://brain-map.org/our-research/circuits-behavior/visual-behavior,https://cdn.prod.website-files.com/689cfbd308fa7373b604d290/68cb53d7a0bc318b4bb5baea_cdtaskmouse2.png,Explore neural activity recorded while mice perform a visual change-detection task using repeated two-photon calcium imaging and distributed Neuropixels recordings.,Allen Brain Observatory,Dataset; Visualization; Analysis,Circuits and behavior; Calcium imaging; Electrophysiology,Explore neural activity during visual behavior,Mouse,Two-photon calcium imaging; Neuropixels electrophysiology; Visual stimulus data; Behavioral data,Dataset descriptions and access routes for optical physiology and Neuropixels data,Web / download / Python,,Visual behavior; Change detection; Two-photon; Calcium imaging; Neuropixels; Visual cortex; Behavior,Visual Behavior Optical Physiology; Visual Behavior Neuropixels; Allen Brain Observatory
Cell Types Database,https://celltypes.brain-map.org/,https://cdn.prod.website-files.com/689cfbd308fa7373b604d290/68b8bdd6b5df5c53ae792829_cell-types-db.png,"Explore electrophysiological, morphological, and transcriptomic properties of individual brain cells.",Allen Cell Types Database,Database; Visualization,Cell types; Electrophysiology; Morphology,Explore multimodal cell properties,Mouse; Human,Cell morphology and electrophysiology,Cell feature views and downloadable data,Web / download,,Cell types; Morphology; Electrophysiology; Patch-seq; Transcriptomics,Allen Cell Types Database; BICAN
MapMyCells,https://brain-map.org/bkp/analyze/mapmycells,https://cdn.prod.website-files.com/689cfbd308fa7373b604d290/68c8df971d3edbc48101183a_mapmycells-icon-black-p-1080.png,Map user-provided single-cell or spatial data to Allen reference taxonomies.,Allen Brain Cell Atlas taxonomies,Analysis,Cell types; Annotation,Annotate user data,Mouse; Human; Macaque; Marmoset,Single-cell or spatial expression matrix,Cell-type assignments and confidence outputs,Web upload,SCR_024672,MapMyCells; Annotation; Taxonomy; Mapping; Confidence; Upload,Allen reference taxonomies; BKP; BICAN
Annotation Comparison Explorer (ACE),https://sea-ad.shinyapps.io/ACEapp/,https://cdn.prod.website-files.com/689cfbd308fa7373b604d290/68e04fbbc82e5ff259fa22d7_ace_logo.png,"Compare and translate cell-type annotations across Allen Institute, disease, and community taxonomies.",SEA-AD and community taxonomies,Analysis; Visualization,Cell types; Taxonomy integration,Compare taxonomies and labels,Mouse; Human; Macaque; Marmoset,Cell-type labels or taxonomy tables,Cross-taxonomy relationships and mappings,Web,SCR_026496,ACE; Annotation; Taxonomy; Translation; Comparison,SEA-AD; Community studies; MapMyCells outputs; BKP; BICAN
Genetic Tools Atlas,https://brain-map.org/bkp/experiment/genetic-tools/genetic-tools-atlas,https://cdn.prod.website-files.com/689cfbd308fa7373b604d290/6914d98e90f91159a87ed4d6_GTA-140x140-72dpi_newUpdated_black_20240830.png,"Find genetic tools associated with brain regions, cell populations, and supporting metadata.",Allen genetic tools resources,Experimental resource,Genetic tools,Find experimental reagents,Mouse,"Region, cell population, construct metadata","Matched genetic tools and validation metadata, linkouts to experimental resources",Web,SCR_025643,AAV; Enhancer; Genetic tools; Targeting; Region; Population; Cell type,Allen genetic tools collections; BKP; BICAN
SEA-AD Gene Trajectories Viewer,https://sea-ad.shinyapps.io/ad_gene_trajectories/,https://cdn.prod.website-files.com/689cfbd308fa7373b604d290/68d6cc051bf5ffc96eda0529_gene_trajectory-Edit092625-2.png,Explore cell-type-specific gene-expression changes across Alzheimer's disease pseudoprogression in MTG.,SEA-AD MTG data,Visualization; Analysis,Disease; Gene expression,Study aging and disease,Human,"Gene expression, cell type, disease state",Expression trajectory plots,Web,,SEA-AD; Alzheimer; Trajectory; Gene expression; Cell type,SEA-AD
SEA-AD Comparative Viewer,https://knowledge.brain-map.org/data/5IU4U8BP711TR6KZ843/2CD0HDC5PS6A58T0P6E/compare,https://cdn.prod.website-files.com/689cfbd308fa7373b604d290/68d47c1caa44d93b1a7ac218_CompViewer-SplitScreen-Edit092425.png,Compare gene expression in cells from neurotypical and aged brains side by side for any gene.,SEA-AD MTG data,Visualization,Disease; Gene expression,Study aging and disease,Human,"Gene expression, cell type, disease state",Side-by-side group comparisons,Web,,SEA-AD; Alzheimer; Group comparison; Expression,SEA-AD; BKP
SEA-AD Data Portal,https://brain-map.org/consortia/sea-ad/our-data,https://cdn.prod.website-files.com/689cfbd308fa7373b604d290/6a456c09291ea46d338b7149_1d4da1ccf10d00599315c991da11831e_sea-ad-tree-download-new-p-500.png,"Locate SEA-AD datasets, downloads, and metadata resources.",SEA-AD,Data repository; Resource hub,Disease; Data access,Study aging and disease,Human,Dataset and metadata search,"Downloads and metadata links, tools and resources",Web / download,,SEA-AD; Alzheimer; Download; Metadata; Dataset,SEA-AD
Brain Knowledge Platform,https://brain-map.org/bkp,https://cdn.prod.website-files.com/689cfbd308fa7373b604d290/69f832e34b1e6342a19056de_allen-navigation-dropdown-hero-default.avif,"Open platform for browsing, experimenting, exploring, analyzing, referencing, and developing with mammalian brain resources.",Multiple Allen Institute and BICAN datasets and tools,Data repository; Resource hub,General neuroscience,Navigate the Allen Institute tool ecosystem,Mouse; Human; Macaque; Marmoset,Dataset and metadata search; Resource,"Links into BKP tools, data, and references",Web,SCR_027180,BKP; Browse; Experiment; Explore; Analyze; Reference; Develop,BICAN; Allen Brain Cell Atlas; Allen research programs; BKP
Allen Brain Map Documentation,https://brain-map.org/support/documentation,https://cdn.prod.website-files.com/689cfbd308fa7373b604d290/69f832e34b1e6342a19056de_allen-navigation-dropdown-hero-default.avif,"Browse official documentation for Allen Brain Map tools, atlases, and access methods.",Allen Brain Map,Documentation,General neuroscience,Learn how to use a resource,NA,Tool name or topic,Technical documentation,Web,,Documentation; Instructions; API; Help; Reference,All Allen Brain Map programs
Allen Brain Map Tutorials & How-Tos,https://brain-map.org/support/tutorials,https://cdn.prod.website-files.com/689cfbd308fa7373b604d290/69f832e34b1e6342a19056de_allen-navigation-dropdown-hero-default.avif,Browse use-case-centered tutorials and onboarding resources for Allen data and tools.,Allen Brain Map,Documentation; Support,General neuroscience,Learn through guided examples,NA,Use case or tool,Tutorials and how-to guides,Web,,Tutorial; How-to; Onboarding; Training,All Allen Brain Map programs
Allen Brain Map Community Forum,https://community.brain-map.org/,https://cdn.prod.website-files.com/689cfbd308fa7373b604d290/69f832e34b1e6342a19056de_allen-navigation-dropdown-hero-default.avif,Search community discussions or ask questions about Allen Brain Map data and tools.,Allen Brain Map,Support,General neuroscience,Troubleshoot and ask questions,NA,Question or technical issue,Community answers and staff support,Web,,Forum; Support; Troubleshooting; Community; How-to,All Allen Brain Map programs
Allen Institute GitHub,https://github.com/AllenInstitute,https://cdn.prod.website-files.com/689cfbd308fa7373b604d290/68cad3f0a0bc318b4b9625d8_Allen_GitHub.png,"Browse public Allen Institute repositories for software, analyses, and technical resources.",Multiple Allen Institute projects,Software,Computational tools,Find source code,NA,Repository or project search,Source code and technical documentation,Web / Python / GitHub,,GitHub; Repository; Code; Software; Open source,Multiple Allen programs
BICAN Data Catalog,https://brain-bican.org/research-products/tools,https://cdn.prod.website-files.com/689cfbd308fa7373b604d290/68d2e19a8dc5bc4fd0717dd5_computational-analysis-toolbox-140x140-72dpi.png,"Catalog of BICAN datasets, projects, and release products with descriptive metadata and archive links.",BICAN,Data catalog,Data access,Find BICAN datasets and releases,Mouse; Human; Macaque; Marmoset,Dataset or project search,Dataset metadata and archive links,Web,SCR_027884,BICAN; Data catalog; Releases; Datasets; Metadata,BICAN
Neuroanatomy-anchored Information Management Platform (NIMP),https://brain-specimenportal.org/,https://brain-specimenportal.org/nimp_analytics/assets/nimp_analytics-e38940c40e9f793b1be4acf514dae24c7b5da46b7c56122bc9f60b30478f21ad.png,Centralized system for tracking BICAN specimen and sequencing workflows with anatomical provenance.,BICAN; Experimental data processing,Experimental resource,Specimens; Anatomy,"Manage specimen, anatomy, and sequencing workflows",Mouse; Human; Macaque; Marmoset,"Specimen, anatomy, and sequencing workflow data","Tracking, provenance, and deposition records",Web,SCR_024684,NIMP; Specimen; Sequencing; Provenance; Portal; Brain anatomy,BICAN
Cell Annotation Platform,https://celltype.info/,https://celltype.info/_next/static/media/logo.1_lxb_y9um5xl.svg,Community platform for reviewing cell annotations with provenance and feedback.,Cell type taxonomies,Annotation,Cell types,Review and discuss annotations,Mouse; Human; Macaque; Marmoset,Cell-type annotations,Community annotation review and provenance,Web,SCR_022797,Cell annotation; Taxonomy; Provenance; Feedback,BICAN and community taxonomy efforts; BICAN
Cytosplore Viewer,https://viewer.cytosplore.org/,https://viewer.cytosplore.org/assets/images/cytosplore-viewer.png,Downloadable interactive visual analysis tool for exploring single-cell multiomics and spatial datasets from the Allen Institute and BICAN.,Allen Cell Types Database and BICAN datasets,Visualization; Analysis,Cell types; Gene expression,Explore multimodal single-cell data,Mouse; Human; Macaque; Marmoset,Single-cell dataset,"Interactive plots, selections, and comparisons",Downloadable application,SCR_018330,Cytosplore; Single cell; Hierarchy; Differential expression; Multimodal,Allen Cell Types Database; BICAN studies; BICAN
CELLxGENE Discover,https://cellxgene.cziscience.com/,https://cdn.prod.website-files.com/689cfbd308fa7373b604d290/68d6ce70194f5e36153a66bf_czi-off_center-Edit092625.png,Browse community single-cell datasets and perform interactive exploration and differential expression.,Allen-contributed single-cell datasets,Data repository; Visualization,Single-cell genomics,Explore Allen Institute and BICAN datasets in a community portal,Mouse; Human; Macaque; Marmoset,Single-cell dataset,Interactive cell and gene views; Census access,Web / API,SCR_024894,CELLxGENE; Single cell; Differential expression; Census; Cell Ontology,SEA-AD and other Allen-contributed collections; BICAN
Brain Image Library,https://www.brainimagelibrary.org/,https://www.brainimagelibrary.org/assets/brainicon.png,"Search and access large brain image datasets labeled by modality, technique, organism, and structure.",Allen imaging datasets,Data repository,Imaging; Morphology,Find large brain image datasets,Mouse; Human; Macaque; Marmoset,Image or morphology dataset,Dataset records and downloads,Web / download,SCR_017272,BIL; Imaging; Morphology; Brain images; Archive,BICAN and community imaging datasets; BICAN
DANDI Archive,https://dandiarchive.org/,https://dandiarchive.org/assets/logo-DbYqjGgV.svg,"Publish, share, and access neurophysiology data including electrophysiology, optophysiology, behavior, and imaging.",Allen Cell Types and neurophysiology datasets,Data repository,Neurophysiology,Find or publish neurophysiology data,Mouse; Human; Macaque; Marmoset,NWB and related electrophysiology data,Archived datasets and downloads,Web / API,SCR_017571,DANDI; NWB; Electrophysiology; Neurophysiology; Archive,Allen Cell Types and BICAN-related datasets; BICAN
NeMO Archive,https://nemoarchive.org/,https://nemoanalytics.org/img/by_domain/nemo/logo-main-normal.png,Access genomic and epigenomic datasets from brain cell census initiatives.,BICAN / BICCN datasets,Data repository,Genomics; Epigenomics,Find census genomic data,Mouse; Human; Macaque; Marmoset,Genomic and epigenomic data,Archived datasets and metadata,Web / download,,NeMO; Genomics; Epigenomics; Archive; BICAN; BICCN,BICAN; BICCN
BICAN Portal,https://www.brain-bican.org/,https://cdn.prod.website-files.com/689cfbd308fa7373b604d290/68d6cedb86c9fcd91361a105_bican-icon-color-final.png,"Public website for BICAN information, consortium updates, standards, resources, and data products.",BICAN,Resource hub,Consortium resources,Navigate BICAN datasets and resources,Mouse; Human; Macaque; Marmoset,Project or resource topic,"Links to tools, data, standards, and news",Web,,BICAN; Consortium; Resources; Standards; Data products; Data portal,BICAN
BRAINCELL-AID,https://biodataai.uth.edu/BRAINCELL-AID/BRAINCELL-AID.py,https://biodataai.uth.edu/BRAINCELL-AID/Logo_3.png,AI-assisted marker-gene annotation resource using literature mining and retrieval-augmented generation.,Brain cell taxonomies and literature,AI; Annotation,Cell types; Literature,Support cell-type and gene annotation,Mouse,Marker genes and cell-type context,Literature-grounded annotation support,Web,SCR_029398,BRAINCELL-AID; Marker genes; Annotation; Literature; RAG,BICAN cell-type resources; BICAN
Human Striatum Slide-Tags Viewer,https://storage.googleapis.com/capalpha/index.html,https://www.broadinstitute.org/files/styles/pt_image_text_left_right_laptop/public/News_story_743x503_v2.png?itok=jAJeLiaC,Viewer for human striatum spatial transcriptomics generated with Slide-tags.,BICAN spatial transcriptomics data,Visualization,Spatial transcriptomics,Explore spatially resolved cell data,Human,Spatial transcriptomics dataset,Interactive spatial views,Web,SCR_028255,Slide-tags; Spatial transcriptomics; Striatum; Human,BICAN basal ganglia datasets; BICAN
Brain Cell Data Viewer,https://braincelldata.org/,https://www.broadinstitute.org/files/styles/pt_image_text_left_right_laptop/public/News_story_743x503_v2.png?itok=jAJeLiaC,Web tool that allows users to view and explore mouse brain cell data from the Macosko lab.,BICAN spatial transcriptomics data,Visualization,Spatial transcriptomics,Explore spatially resolved cell data,Mouse,Spatial transcriptomics dataset,Interactive spatial views,Web,SCR_023321,Spatial transcriptomics; Mouse,BICAN
Connectome Workbench,https://www.humanconnectome.org/software/connectome-workbench,https://www.humanconnectome.org/themes/uar_washu/assets/images/logos/ccf-logo.png,"Desktop software for visualizing and analyzing neuroimaging data, surfaces, volumes, and parcellations.","BICAN MRI templates, CCFs, and parcellations",Visualization; Analysis,Neuroimaging; Anatomy,Explore MRI templates and parcellations,Human; Macaque; Marmoset,Neuroimaging file; CCF,Surface and volume visualizations; CCFs,Downloadable application,SCR_008750,Connectome Workbench; MRI; Parcellation; Surface; Volume; Brain anatomy,BICAN anatomical templates; BICAN
NeMO Analytics,https://nemoanalytics.org/,https://nemoarchive.org/images/resources/nemo-analytics-logo.svg,Functional-genomics analysis and visualization environment for cell-type and spatial data.,BICAN / BICCN datasets,Visualization; Analysis,Genomics; Spatial,Analyze census genomics data,Mouse; Human; Macaque; Marmoset,"Single-cell, epigenomic, or spatial datasets",Interactive analyses and genomic browser views,Web,SCR_018164,NeMO Analytics; Genomics; Spatial; Differential expression; Scanpy,BICAN; BICCN
MICrONS Explorer,https://www.microns-explorer.org/,https://cdn.prod.website-files.com/689cfbd308fa7373b604d290/68c9cfdaaa19331c40e090df_d0b59fe92fef60c7ba949fdffcf50613_MiCRONS.png,Explore electron microscopy-based dense structural and functional reconstructions from mouse visual cortex.,MICrONS,Atlas; Visualization,Connectomics; Circuits,Explore cortical connectivity and structure,Mouse,MICrONS connectomics datasets,Interactive structural and functional exploration,Web,,MICrONS; Connectomics; Visual cortex; EM; Functional imaging,MICrONS
OpenScope,https://www.allenneuraldynamics.org/projects/openscope,https://cdn.prod.website-files.com/689cfbd308fa7373b604d290/68d1b8f197fbf2ec168c28f2_openscope.png,"A platform for high-throughput and reproducible neurophysiology, openly available to run experiments for external scientists.",OpenScope; Allen Brain Observatory,Research program,Neurophysiology; Circuits and behavior,Propose experiments or reuse openly released datasets,Mouse,Scientific proposal; Neuropixels and two-photon calcium imaging datasets,"Standardized NWB datasets, project metadata, and analysis resources",Web / public data archive,,OpenScope; Neuropixels; Two-photon; Calcium imaging; NWB; DANDI; Open data; Proposals,OpenScope; DANDI Archive; OpenScope Data Portal
AllenSDK,https://allensdk.readthedocs.io/,https://cdn.prod.website-files.com/689cfbd308fa7373b604d29a/6901560be704472e1b30e783_asset-icon-sdk.svg,Python software development kit for accessing and working with Allen Institute neuroscience data.,Multiple Allen Institute datasets,Software; Support,Computational tools,Access Allen data with Python,Mouse,Python code and dataset identifiers,Programmatic data access and analysis objects,Python,,AllenSDK; Python; API; Data access; Programming,Allen Brain Observatory; Cell Types; Connectivity and legacy atlas datasets
Allen Brain Atlas API,http://api.brain-map.org/,https://cdn.prod.website-files.com/689cfbd308fa7373b604d29a/690155b45a5e7a8e2cc3908f_asset-icon-api.svg,Programmatic API access for legacy Allen Brain Atlas resources.,Legacy Allen Brain Atlas datasets,API; Support,Data access,Query legacy atlas data,Mouse; Human,API query,Structured data and image references,Web API,,API; Legacy atlas; RMA; Queries; Programmatic access,Legacy Allen Brain Atlas datasets
Anatomy Reference Atlases,https://brain-map.org/atlases/anatomy,https://cdn.prod.website-files.com/689cfbd308fa7373b604d29a/68b765560f821b1ee8e8c0fc_anatomy-icon.png,Access reference anatomy atlases across species and developmental stages.,Allen anatomy atlases,Resource hub; Atlas,Anatomy,Find a reference atlas,Mouse; Human,Species and developmental stage,Reference atlas images and annotations,Web / download,,Anatomy; Reference atlas; Adult; Developing; Spinal cord; Brain anatomy,Adult Mouse; Adult Human; Developing Mouse; Developing Human; Mouse Spinal Cord
Digital 3D Atlases,https://alleninstitute.github.io/CCF-MAP/,https://alleninstitute.github.io/CCF-MAP/_images/mouse_img.png,Common coordinate frameworks represent 3D anatomic references for aligning multimodal data.,Allen anatomy atlases; CCF,Data access; Software,Data access; Computational analysis,Download and analyze atlas data,Mouse; Human; Macaque; Marmoset,"Metadata, manifests, expression and coordinate data; CCF",Python-based data access and downloaded files,Web documentation / scripting,,Python; API; Manifest; Metadata; Download; ABC Atlas; Brain anatomy,Allen Brain Cell Atlas datasets; BKP; BICAN
Computational Toolbox,https://brain-map.org/bkp/analyze/computational-toolbox,https://cdn.prod.website-files.com/689cfbd308fa7373b604d29a/68d40be1eb38d9f29445ffd0_computational-analysis-toolbox-140x140-72dpi.png,Entry point for computational analysis tools created by Allen Institute scientists.,Multiple Allen Institute resources,Resource hub; Software,Computational tools,Find analysis software,Mouse; Human; Macaque; Marmoset,Scientific use case or dataset,Links to select computational tools,Web,,Computational toolbox; Analysis; Software; Code,Multiple Allen programs; BKP
Genetic Tools Resources,https://brain-map.org/bkp/experiment/genetic-tools,https://cdn.prod.website-files.com/689cfbd308fa7373b604d290/68d2e0b3f7a25c6e0b4a6c1e_genetic-tools2-140x140-72dpi.png,Entry point for biological and technical genetic resources created by Allen Institute scientists.,Allen Institute genetic tools,Resource hub,Genetic tools,Find biological and technical resources,Mouse,Experimental goal or target,Links to genetic tools collections,Web,,Genetic tools; Biological resources; Technical resources; AAV,Allen genetic tools programs; BKP
Allen Institute Hardware,https://brain-map.org/bkp/experiment/hardware,https://cdn.prod.website-files.com/689cfbd308fa7373b604d29a/68d40be1eb38d9f29445ffd0_computational-analysis-toolbox-140x140-72dpi.png,Access custom instrument designs for scientific use cases.,Allen Institute custom hardware,Hardware resource,Instrumentation,Find instrument designs,NA,Experimental hardware need,Design files and hardware information,Web / download,,Hardware; Instruments; Open designs; Experiment,Allen experimental programs; BKP
Cell Type Taxonomy Index,https://brain-map.org/our-research/cell-types-taxonomies/taxonomies-index,https://cdn.prod.website-files.com/689cfbd308fa7373b604d290/68c8df46dac90169faf114be_taxonomies.png,"Search and filter published cell-type taxonomies for human, mouse, and non-human primate brain regions, with links to taxonomy pages, publications, downloads, and mapping resources.",Cell type taxonomies,Taxonomy index; Resource hub,Cell types; Taxonomies,Find and compare reference cell-type taxonomies,Mouse; Human; Macaque; Marmoset,"Species, taxonomy category, brain region, cell types","Filtered taxonomy records with descriptions, publications, downloads, and navigation tools",Web / download,,Cell type taxonomy; AIT; BICAN; BICCN; Human; Mouse; Macaque; Marmoset; Cross-species,Allen Institute Taxonomy standard; BICAN; BICCN; ABC Atlas Access; BKP
Multimodal Characterization of Individual Neurons / Patch-seq,https://brain-map.org/our-research/cell-types-taxonomies/multimodal-characterization-of-individual-neurons,https://cdn.prod.website-files.com/689cfbd308fa7373b604d290/68d2e0fa5d5842bb0004764b_patchseq1-140x140-72dpi.png,"Explore Patch-seq resources that combine electrophysiological, morphological, and transcriptomic measurements from individual neurons, including protocols, datasets, viewers, downloads, and analysis tools.",Allen Patch-seq and multimodal single-neuron datasets,Resource hub; Data; Analysis tools,Cell types; Electrophysiology; Morphology; Transcriptomics,Explore or generate multimodal single-neuron data,Mouse; Human; Macaque; Marmoset,"Patch-seq data, cell metadata, electrophysiology, morphology, and transcriptomics","Protocols, interactive data views, metadata, manifests, downloads, code, and publications",Web / download / GitHub,,Patch-seq; Multimodal; Electrophysiology; Morphology; Transcriptomics; Single neuron; Protocol,Mouse and human Patch-seq datasets; Cross-species multimodal studies; BICAN
BKP Data Catalog,https://knowledge.brain-map.org/data?limit=50&search=%2A&sort=default~ASC,https://cdn.prod.website-files.com/689cfbd308fa7373b604d290/691d0ad82b0da4dfc38f4f3b_browse.png,"BKP data catalog landing page for browsing data records from the Allen Institute, BICAN, and more.",Brain Knowledge Platform data catalog,Data catalog,Data access,Find datasets and project records,Mouse; Human; Macaque; Marmoset,Search and catalog filters for datasets,Data catalog records,Web,,BKP; Data catalog; Datasets; Search; Metadata,Brain Knowledge Platform; BKP
Cell Type Knowledge Explorer,https://brain-map.org/bkp/reference/cell-type-knowledge-explorer,https://cdn.prod.website-files.com/689cfbd308fa7373b604d290/68c8dee9b083bfab49a990b4_sunburst_grayscale.png,"Aggregates and summarizes multimodal information about primary motor cortex cell types in human, marmoset, and mouse using searchable Cell Type Knowledge Cards.",BICCN primary motor cortex data; Cell type taxonomies,Knowledge explorer; Visualization,Cell types; Cross-species; Multimodal data,Explore and compare primary motor cortex cell types,Mouse; Human; Marmoset,"Cell type, species, taxonomy, multimodal","Cell Type Knowledge Cards with summary text, visualizations, and links to data and tools",Web,SCR_022793,Cell Type Knowledge Explorer; Knowledge card; Primary motor cortex; Cross-species; Gene expression; Electrophysiology,BICCN primary motor cortex cell census and atlas; BKP; BICAN
Computational Modeling,https://brain-map.org/our-research/computational-modelling,https://cdn.prod.website-files.com/689cfbd308fa7373b604d290/68d2dfcd12051244c2105b4e_computational-modeling-theory-140x140-72dpi.png,"Access single-neuron and neural-network models of mammalian neocortex together with modeling, simulation, file-format, and visualization tools.",Allen computational models and modeling tools,Modeling; Software; Resource hub,Computational modeling; Simulation,Find and use neuronal or network models,Mouse; Human,"Model configurations, cell data, connectivity, and simulation inputs","Model resources, software packages, simulation frameworks, and visualization tools",Web / download / GitHub,,Computational modeling; V1 model; Single neuron; GLIF; BMTK; SONATA; Simulation; Network model,Mouse V1 models; Single-neuron models; BMTK; SONATA; MCModels
Synaptic Physiology,https://brain-map.org/our-research/connectivity/synaptic-physiology,https://cdn.prod.website-files.com/689cfbd308fa7373b604d290/68c9912757cef7c04fb603cc_synaptic%20physiology.png,"Explore human and mouse cortical synaptic physiology data describing chemical and electrical connections, connection probability, strength, kinetics, and short-term plasticity.",Allen Synaptic Physiology Dataset,Dataset; Analysis,Connectivity; Electrophysiology; Cell types,Study cell-type-specific synaptic connectivity,Mouse; Human,Paired patch-clamp recordings and cell-classification metadata,"Interactive analysis, notebooks, API access, and connection-property measurements",Web / Jupyter / API,,Synaptic physiology; Paired recordings; Patch clamp; Connectivity; Synaptic strength; Kinetics; Plasticity,Synaptic Physiology Dataset; Aisynphys
Connectivity Resources,https://brain-map.org/our-research/connectivity,https://cdn.prod.website-files.com/689cfbd308fa7373b604d290/68d2dfcdbd97de4d7699d553_connectivity-140x140-72dpi.png,"Entry point for Allen datasets and exploration tools related to mammalian brain connectivity, including the Connectivity Atlas and MICrONS.",Allen connectivity datasets,Resource hub,Connectivity; Circuits,Find anatomical or synaptic connectivity resources,Mouse; Human,Connectivity research question or resource interest,Links to connectivity datasets and associated exploration tools,Web,,Connectivity; Projections; Pathways; Synapses; Circuits; Connectivity Atlas; MICrONS,Mouse Brain Connectivity Atlas; MICrONS; Synaptic Physiology
Mouse Spinal Cord Atlas,https://mousespinal.brain-map.org,https://cdn.prod.website-files.com/689cfbd308fa7373b604d290/68d5a27acdbff49402309445_mouse_spinal_cord.png,Explore genome-wide RNA in situ hybridization data mapped across all anatomical segments of the mouse spinal cord at postnatal days 4 and 56.,Allen Spinal Cord Atlas,Atlas; Visualization,Gene expression; Anatomy; Spinal cord,Explore gene expression,Mouse,Gene expression; Development; Spinal cord,Searchable ISH image series and high-resolution spinal cord reference atlas views,Web,,Mouse spinal cord; Gene expression; ISH; Postnatal; Reference atlas; Brain anatomy,Allen Spinal Cord Atlas
Ivy Glioblastoma Atlas Project,https://glioblastoma.alleninstitute.org/,https://cdn.prod.website-files.com/689cfbd308fa7373b604d290/68d5811fc95338afaede0687_ivy_292344448-hif1a-p-1080.png,"Explore the anatomical and genetic basis of glioblastoma using cellular-resolution in situ hybridization, RNA sequencing, and de-identified specimen metadata.",Ivy Glioblastoma Atlas Project,Atlas; Data resource,Disease; Cancer; Gene expression; Anatomy,Study aging and disease,Human,Gene expression; Tumor structure; Specimen metadata,"ISH images, RNA-seq profiles, tumor-structure annotations, and downloads",Web / download,,Glioblastoma; Brain tumor; Cancer; ISH; RNA-seq; Tumor anatomy,Ivy Glioblastoma Atlas Project
"Aging, Dementia and Traumatic Brain Injury Study",https://aging.brain-map.org/,https://cdn.prod.website-files.com/689cfbd308fa7373b604d290/68d580b79d37a0a28abb0e11_aging_dementia_tbi.png,"Explore neuropathological, molecular, and transcriptomic characteristics of control and traumatic brain injury cases from an aged population-based cohort.","Aging, Dementia and Traumatic Brain Injury Study",Atlas; Data resource,Aging; Dementia; Traumatic brain injury; Neuropathology,Study aging and disease,Human,Specimen; Anatomical region; Diagnosis; Molecular or pathology measure,"Histology and IHC images, ISH images, RNA-seq data, and specimen metadata",Web / download,,Aging; Dementia; Traumatic brain injury; TBI; Neuropathology; RNA-seq; Histology; IHC,"Adult Changes in Thought Study; Aging, Dementia and Traumatic Brain Injury Study"
Human Immune System Explorer,https://explore.allenimmunology.org/,https://apps.allenimmunology.org/media/filer_public_thumbnails/filer_public/60/87/6087c310-0138-429e-9f47-2cbdeb431409/pbmc_ref_umap_type-colors_2024-07-09.png__350x500_subsampling-2.png,"Explore immunology datasets from longitudinal human studies, data visualizations, and more.",Allen Institute for Immunology datasets,Data portal; Visualization; Resource hub,Immunology; Single-cell genomics; Longitudinal studies,Find and explore human immune datasets,Human,Immune cell data; Gene expression; Clinical metadata; Study cohort,Interactive data visualizations; Dataset documentation; Downloads,Web; Download,,Immunology; Human immune system; Single-cell RNA-seq; Longitudinal data; Aging; Data portal,Allen Institute for Immunology; Human Immune Health Atlas
Cell Science Tools and Resources,https://www.allencell.org/tools-and-resources-overview.html,https://www.allencell.org/uploads/8/1/9/9/81996008/imsc-2_orig.png,Tools and resources aimed at uncovering the design principles of multicellular programs essential for life.,Allen Cell Collection; Allen Cell Explorer datasets and tools,Resource hub; Data portal; Software,Cell biology; Imaging; Modeling; Stem cells,Find cell science data and tools,Human,Cell line; Image data; Cell biology use case; Software or model need,Cell lines; Plasmids; Imaging software; Three-dimensional images and models; Open datasets,Web; Download; Software,,Cell science; Cell biology; HiPSC; Imaging; Software; Models; Open data; Data portal,Allen Cell Collection; Allen Cell Explorer; Allen Institute for Cell Science
Allen Brain Map Protocols,https://www.protocols.io/workspaces/allen-institute-for-brain-science,https://cdn.prod.website-files.com/689cfbd308fa7373b604d290/6905002e0e6149cd7fee4ee5_asset-icon-protocol.svg,Access a wide variety of Allen Institute scientific protocols for reproducing our experiments.,Allen Institute for Brain Science experimental methods,Protocols; Experimental resource,Experimental methods; Reproducibility; Neuroscience,Find protocols to reproduce experiments,NA,Experimental method; Protocol topic; Research workflow,Reproducible protocols; Methods; Research workflows,Web; Download,,Protocols; Experimental methods; Reproducibility; Methods; Workflows; Experiment,Allen Institute for Brain Science; Protocols.io
